"Table Name","Column Name","Data Type","Not Null?","Constraints","Sample Value"
"roles","role_id","number","Yes","PRIMARY KEY","1"
"roles","name","varchar2","Yes","UNIQUE","System Administrator"
"employees","employee_id","number","Yes","PRIMARY KEY","1"
"employees","role_id","number","Yes","FOREIGN KEY","1"
"employees","first_name","varchar2","Yes","","Peter"
"employees","last_name","varchar2","Yes","","Dela Cruz"
"employees","hire_date","timestamp","Yes","DEFAULT CURRENT_TIMESTAMP","2026-04-01 08:00:00"
"employees","email","varchar2","No","UNIQUE","peter.delacruz@com"
"users","user_id","number","Yes","PRIMARY KEY","1"
"users","employee_id","number","Yes","UNIQUE, FOREIGN KEY","1"
"users","username","varchar2","Yes","UNIQUE","admin_peter"
"users","password_hash","varchar2","Yes","","$2a$12$N9qoLOickgx2ZMRZoMyeIjZAgcfl7p92ldGxad68LJZdL17lhWy"
"attendance","attendance_id","number","Yes","PRIMARY KEY","1"
"attendance","employee_id","number","Yes","FOREIGN KEY","1"
"attendance","work_date","date","Yes","","2026-04-02"
"attendance","time_in","timestamp","Yes","","2026-04-02 08:00:00"
"attendance","time_out","timestamp","No","","2026-04-02 17:00:00"
"attendance","status","varchar2","No","","On-Time"
"categories","category_id","number","Yes","PRIMARY KEY","1"
"categories","name","varchar2","Yes","UNIQUE","Living Room"
"item_types","type_id","number","Yes","PRIMARY KEY","1"
"item_types","category_id","number","Yes","FOREIGN KEY","1"
"item_types","name","varchar2","Yes","UNIQUE","TV Stand"
"items","item_id","number","Yes","PRIMARY KEY","1"
"items","item_code","varchar2","Yes","UNIQUE","SD-SHIBA-TVS"
"items","type_id","number","Yes","FOREIGN KEY","1"
"items","item_name","varchar2","Yes","UNIQUE","Songdream Shiba Tv Stand"
"items","dimension","varchar2","No","","14 x 14 x 29.25 inch"
"items","srp","number","Yes","","30800"
"item_attributes","attribute_id","number","Yes","PRIMARY KEY","1"
"item_attributes","item_id","number","Yes","FOREIGN KEY","1"
"item_attributes","material","varchar2","No","","Wood"
"item_attributes","fabric_color","varchar2","No","","Beige"
"item_attributes","leg_color","varchar2","No","","Black"
"suppliers","supplier_id","number","Yes","PRIMARY KEY","1"
"suppliers","name","varchar2","Yes","","Songdream Manufacturing HQ"
"suppliers","contact_no","varchar2","No","","09171234567"
"suppliers","email","varchar2","No","","b2b@songdream.com"
"suppliers","address","varchar2","No","","Makati City"
"suppliers","supplier_code","varchar2","No","UNIQUE","SUP-SD-01"
"locations","location_id","number","Yes","PRIMARY KEY","1"
"locations","name","varchar2","Yes","","Warehouse"
"locations","type","varchar2","Yes","","Warehouse"
"locations","street","varchar2","No","","Main St"
"locations","barangay","varchar2","No","","Brgy 1"
"locations","city","varchar2","No","","Antipolo City"
"locations","location_code","varchar2","No","UNIQUE","LOC-WHS-01"
"locations","is_default","char(1)","No","DEFAULT 'N'","Y"
"inventory","inventory_id","number","Yes","PRIMARY KEY","1"
"inventory","item_id","number","Yes","FOREIGN KEY","1"
"inventory","location_id","number","Yes","FOREIGN KEY","1"
"inventory","qty_on_hand","number","Yes","DEFAULT 0","80"
"inventory","min_threshold","number","Yes","DEFAULT 0","10"
"purchase_orders","po_id","number","Yes","PRIMARY KEY","1"
"purchase_orders","po_number","varchar2","No","UNIQUE","PO-2026-001"
"purchase_orders","supplier_id","number","Yes","FOREIGN KEY","1"
"purchase_orders","requested_by","number","Yes","FOREIGN KEY","4"
"purchase_orders","order_date","date","Yes","","2026-04-01"
"purchase_orders","status","varchar2","No","DEFAULT 'Pending'","Approved"
"purchase_orders","total_po_amount","number","No","DEFAULT 0","1111600"
"purchase_orders","currency","varchar2","No","DEFAULT 'PHP'","PHP"
"purchase_orders","location_id","number","Yes","FOREIGN KEY","1"
"purchase_orders","approved_by","number","No","FOREIGN KEY","1"
"purchase_orders","approval_date","timestamp","No","","2026-04-01 10:30:00"
"purchase_orders","payment_terms","varchar2","No","","Net 30"
"purchase_orders","due_date","date","No","","2026-04-30"
"purchase_order_lines","po_line_id","number","Yes","PRIMARY KEY","1"
"purchase_order_lines","po_id","number","Yes","FOREIGN KEY","1"
"purchase_order_lines","item_id","number","Yes","FOREIGN KEY","1"
"purchase_order_lines","suggested_qty","number","Yes","","50"
"purchase_order_lines","unit_cost","number","Yes","","15400"
"purchase_order_lines","line_total","number","Yes","","770000"
"purchase_order_lines","qty_received","number","No","DEFAULT 0","50"
"purchases","purchase_id","number","Yes","PRIMARY KEY","1"
"purchases","po_id","number","Yes","FOREIGN KEY","1"
"purchases","received_by","number","Yes","FOREIGN KEY","4"
"purchases","received_date","timestamp","Yes","","2026-04-12 10:00:00"
"purchases","status","varchar2","No","","Full Delivery"
"po_tracking","tracking_id","number","Yes","PRIMARY KEY","1"
"po_tracking","po_id","number","Yes","FOREIGN KEY","1"
"po_tracking","milestone","varchar2","Yes","","Order Confirmed"
"po_tracking","location","varchar2","No","","Songdream HQ"
"po_tracking","update_time","timestamp","Yes","","2026-04-01 11:00:00"
"po_tracking","logged_by","number","Yes","FOREIGN KEY","1"
"customers","customer_id","number","Yes","PRIMARY KEY","1"
"customers","name","varchar2","Yes","","Ayala Land Inc."
"customers","contact_no","varchar2","No","","09181234567"
"customers","email","varchar2","No","","procurement@ayalaland.com.ph"
"customers","project_location","varchar2","No","","Makati City"
"sales","sale_id","number","Yes","PRIMARY KEY","1"
"sales","sap_ref_no","varchar2","No","UNIQUE","SAP-INV-260301"
"sales","customer_id","number","Yes","FOREIGN KEY","1"
"sales","processed_by","number","Yes","FOREIGN KEY","2"
"sales","sale_date","timestamp","Yes","","2026-04-02 10:30:00"
"sales","total_amount","number","No","DEFAULT 0","581000"
"sales","tax_amount","number","No","DEFAULT 0","0"
"sales","shipping_amount","number","No","DEFAULT 0","0"
"sales","payment_terms","varchar2","No","","Full Payment"
"sales","due_date","date","No","","2026-04-02"
"sales_items","sale_item_id","number","Yes","PRIMARY KEY","1"
"sales_items","sale_id","number","Yes","FOREIGN KEY","1"
"sales_items","item_id","number","Yes","FOREIGN KEY","1"
"sales_items","qty","number","Yes","","5"
"sales_items","unit_price","number","Yes","","30800"
"sales_items","line_total","number","Yes","","154000"
"sales_items","allocation_status","varchar2","No","","RELEASED"
"fulfillments","fulfillment_id","number","Yes","PRIMARY KEY","1"
"fulfillments","sale_id","number","Yes","FOREIGN KEY","1"
"fulfillments","method","varchar2","No","","Truck Delivery"
"fulfillments","status","varchar2","No","DEFAULT 'PENDING'","COMPLETED"
"fulfillments","target_date","date","Yes","","2026-04-05"
"fulfillments","actual_completion_date","timestamp","No","","2026-04-05 15:00:00"
"fulfillments","handled_by","number","Yes","FOREIGN KEY","5"
"supplier_item_prices","price_id","number","Yes","PRIMARY KEY","1"
"supplier_item_prices","supplier_id","number","Yes","FOREIGN KEY","1"
"supplier_item_prices","item_id","number","Yes","FOREIGN KEY","1"
"supplier_item_prices","unit_cost","number","Yes","","15000"
"supplier_item_prices","lead_time_days","number","No","DEFAULT 0","30"
"supplier_item_prices","effective_date","date","No","DEFAULT CURRENT_DATE","2026-01-01"
"payments","payment_id","number","Yes","PRIMARY KEY","1"
"payments","related_type","varchar2","Yes","","SALE"
"payments","related_id","number","Yes","","1"
"payments","amount","number","Yes","","581000"
"payments","payment_date","timestamp","Yes","DEFAULT CURRENT_TIMESTAMP","2026-04-02 11:30:00"
"payments","payment_method","varchar2","No","","Bank Transfer"
"payments","reference_no","varchar2","No","","REF-PYMT-001"
"payments","logged_by","number","Yes","FOREIGN KEY","2"
"reorder_alerts","alert_id","number","Yes","PRIMARY KEY","1"
"reorder_alerts","item_id","number","Yes","FOREIGN KEY","1"
"reorder_alerts","location_id","number","Yes","FOREIGN KEY","1"
"reorder_alerts","current_qty","number","Yes","","3"
"reorder_alerts","threshold_qty","number","Yes","","10"
"reorder_alerts","alert_date","timestamp","No","DEFAULT CURRENT_TIMESTAMP","2026-04-01 08:30:00"
"reorder_alerts","status","varchar2","No","DEFAULT 'ACTIVE'","ACTIVE"
"audit_logs","log_id","number","Yes","PRIMARY KEY","1"
"audit_logs","user_id","number","Yes","FOREIGN KEY","1"
"audit_logs","action_type","varchar2","Yes","","INVENTORY_ADJUSTMENT"
"audit_logs","log_timestamp","timestamp","Yes","DEFAULT CURRENT_TIMESTAMP","2026-04-02 11:00:00"
"audit_logs","log_details","varchar2","No","","Stock replenishment confirmed for SD-SHIBA-TVS via PO-2026-001"
